DATES,CAR,SGJ,1834,JMMBGL,JSE
43102,11.31,50.59,1.3,24,7.05
43103,11.31,48.78,1.3,27,7
43104,11.17,48.68,1.3,25,7
43105,11.26,49.63,1.28,25,7
43108,11.29,50.59,1.41,24.35,7
43109,11.16,47.82,1.31,25,7
43110,11.16,49.07,1.28,25,7
43111,11.21,49.07,1.27,24.32,6.95
43112,11.16,48.2,1.27,23.8,6.95
43115,11.15,48.2,1.27,25,6.72
43116,10.92,47.95,1.27,24.73,6.95
43117,10.93,50.58,1.27,25.11,7
43118,11.16,50.58,1.15,25,7
43119,11.23,47.73,1.2,26,7
43122,11.16,48.2,1.2,24.5,7
43123,11.12,50.54,1.2,26,7
43124,11.23,50.54,1.2,25,6.9
43125,11.15,50.11,1.2,25,7
43126,11.16,48.68,1.2,25,7
43129,11.15,47.77,1.2,24,6.65
43130,11.12,50.54,1.2,24,7
43131,10.87,50.58,1.3,25,6.5
43132,11.04,50.59,1.23,25,6.63
43133,11.02,51.07,1.3,24.5,6.5
43136,10.87,51.07,1.3,25,6.5
43137,10.87,47.73,1.4,24.5,6.45
43138,10.87,47.73,1.4,24,6.45
43139,10.77,48.68,1.39,25.01,6.49
43140,10.87,47.73,1.23,25,6.5
43143,10.82,50.59,1.2,25,6.5
43144,10.82,49.63,1.2,24.52,6.5
43146,10.82,48.25,1.2,25,6.99
43147,10.38,48.25,1.2,25,6.99
43150,10.82,48.3,1.2,25,6.7
43151,10.82,49.16,1.28,24.7,6.7
43152,10.82,49.63,1.3,25,6.21
43153,10.82,49.63,1.3,25,6.7
43154,10.82,51.07,1.3,24.6,7
43157,10.72,50.59,1.2,25,6.45
43158,10.82,50.59,1.15,25,6.45
43159,10.82,49.63,1.17,26,7
43160,10.82,49.63,1.17,24.01,6.55
43161,10.87,47.74,1.19,26,6.55
43164,10.87,48.58,1.19,25,6.7
43165,10.82,48.68,1.19,26.49,6.5
43166,10.82,48.92,1.15,26.49,6.71
43167,10.82,49.63,1.12,26.45,6.5
43168,10.77,51.54,1.1,26,6.5
43171,10.82,54.41,1.15,26.5,6.5
43172,10.77,52.98,1.18,26.5,6.3
43173,10.77,53.45,1.15,26.5,6.5
43174,10.65,51.54,1.03,26.06,6.5
43175,9.98,49.63,1.15,26.31,6
43178,9.98,51.54,1.19,26,6.05
43179,10.32,49.63,1.17,26,6.99
43180,10.23,51.54,1.06,25,6.99
43181,10.23,49.63,1.15,26,6.98
43182,10.28,50.6,1.09,26,6.99
43185,10.77,50.64,1.15,24.7,7
43186,10.77,50.49,1.15,26.45,6.99
43187,10.77,48.54,1.19,25.5,6.8
43188,10.47,51.53,1.19,26,6.7
43193,10.57,51.53,1.2,25.6,6.95
43194,10.77,48.68,1.2,26.5,6.95
43195,10.67,51.07,1.2,26.5,6.97
43196,10.57,49.63,1.2,26,7
43199,10.23,49.63,1.19,26,6.97
43200,10.37,48.2,1.19,26.21,7
43201,10.77,49.63,1.21,26.02,6.97
43202,10.47,49.63,1.2,27,6.5
43203,10.66,47.9,1.2,27.49,6.51
43206,10.67,47.92,1.19,27,7
43207,10.67,47.89,1.07,27.7,6.98
43208,10.77,49.63,1.2,28,6.81
43209,10.67,49.63,1.2,27.25,6.98
43210,10.77,47.88,1.2,28.32,6.5
43297,9.5,50.53,1.05,29.75,7.45
43298,9.5,50.5,1.05,29.55,7.45
43299,9.49,50.5,1.05,29.56,7.45
43300,9.4,51,1.05,30,7.45
43301,9.5,50.1,1.05,30,7.45
43304,9,50.2,1.03,30.02,7.45
43305,9.44,50.25,1.03,30,7.4
43306,9.5,52,1,30,7.99
43307,9,52,1,28.51,7.5
43308,9,51.5,1.05,28.5,7.5
43311,9,52.1,1.04,28,7.4
43312,9.47,51.1,1.05,29.9,7.3
43314,9.3,52.2,1.05,30,7.49
43315,9,53,1.05,30,7.7
43319,9.1,51.5,0.9,30.1,7.7
43320,9,52,1.05,29.1,7.51
43321,9.19,52,1.05,29.5,7.59
43322,9.2,52.8,1.05,30,8
43325,9.12,52,1.05,30,8
43326,8.92,52.52,1.1,29,8
43327,9,52.5,1.15,30,8.04
43328,8.99,52.5,1.15,30,8.3
43329,9,53,1.15,29,8.05
43332,9,52,1.2,28.3,8.25
43333,9,52.01,1.18,29,7
43334,9,52,1.17,28.5,8
43335,9,52.3,0.95,28.31,8.24
43336,9,52,1.04,29,8
43339,8.97,52.49,1.04,28.93,8.11
43340,9.2,52.06,0.95,29,7.5
43341,9.2,53,1.04,28.5,7.65
43342,9.09,52.5,1.2,29,8.08
43343,9.22,53,1.2,29,8.1
43346,9.5,53,1.16,29,8
43347,9.5,53.5,1.16,29,8.35
43348,9.5,53.5,1.1,29,8.05
43349,9.5,55,1.1,31,8.35
43350,9.5,59.5,1.04,29,8.29
43353,9.45,56.5,1.04,31,8.06
43354,9.45,55,1.1,28.5,8.2
43355,9.45,55.02,1.1,30.01,8.2
43356,9.45,56.2,1.1,30.99,8.1
43357,9.45,56.13,1.1,31,8.05
43360,9.45,60.51,1.11,31,8.09
43361,9.44,62,1.11,32,8.1
43362,9.45,62.52,1.11,31.68,8.15
43363,9.45,63.05,1.1,32.5,8
43364,9.5,63.01,1.1,32.5,8.01
43367,9.5,62.01,1.1,32.5,8.15
43368,9.5,62,1.1,32.5,8.2
43369,9.35,60,1.11,32.15,8.2
43370,9.5,60,1.1,32.15,8
43371,9.5,60,1.1,32.5,8.2
43374,9.5,62,1.03,32.5,8.2
43375,9.5,60.9,1.03,32.99,8.35
43376,9.35,61,1.03,33,8.31
43377,9.11,62,1.16,35,8.33
43378,9.12,60,1.04,37,8.35
43381,9.25,61,1.13,37,8.32
43382,9.15,59.13,1.05,37.03,8.34
43383,9.1,60,1.05,37,8.35
43384,9.1,59.1,1.13,34,8.35
43385,8.96,58.11,1.02,36.62,8.34
43389,8.99,59,1,35,8.35
43390,8.94,56.51,1.03,31.81,8.32
43391,8.99,53,0.9,31.52,8.35
43392,8.85,52.08,0.9,31.55,8.35
43395,9,52,1.04,34,8.35
43396,8.96,52.5,1.08,35,8.35
43397,9,53,1.08,34.9,8.25
43398,8.99,51.5,1.08,34.8,8.25
43399,8.98,54,1.04,34,9.2
43402,8.99,52,1.13,33,8.5
43403,8.96,53.74,1.13,33,9.8
43404,8.98,53,1.14,33.8,10
43405,8.96,51.03,1.13,32.02,11.5
43406,8.98,52.48,1.14,33.16,10.02
43409,8.98,51.17,1.16,32.66,10.5
43410,8.84,51.28,1.1,33.35,10.45
43411,9,50,1.1,33,10
43412,9,50,1.1,33.01,10
43413,9,51.99,1.1,33.9,10.45
43416,9,50.5,1.11,33,10.3
43417,8.8,50.5,1.16,33,10.5
43418,9,48.8,1.14,32.5,11
43419,9,53.5,1.16,34,10.16
43420,9,55.99,1.24,33,10.42
43423,9.5,53,1.2,31.8,10.5
43424,9.18,55.99,1.2,31.75,10.45
43425,9,55.99,1.2,31.76,10
43426,9.5,55.98,1.2,33,10
43427,9.5,56.1,1.2,34,9.95
43430,9.35,56.1,1.15,33,9.41
43431,9.3,60,1.13,32.51,9.9
43432,9.05,59,1.16,32.51,9.9
43433,9.5,58,1.16,32.51,9.62
43434,9.33,57.26,1.16,34.88,9.84
43437,9.1,57,1.16,34.99,9
43438,9.25,58,1.17,34.99,10
43439,9.1,59,1.17,34.99,8.4
43440,9.05,56.61,1.16,33.32,9.01
43441,9.13,56.27,1.16,32.21,9.03
43444,9.3,54.51,1.12,34,9.2
43445,9.3,54.01,1.14,32.52,10
43446,9.26,55,1.14,34.97,9.5
43447,9.49,56,1.14,33,8.88
43448,9.3,54.01,1.14,34,10.05
43451,9.33,56,1.12,32.5,9.16
43452,9.33,52.02,1.1,32.05,9.43
43453,9.33,52.5,1.15,32.5,9.2
43454,9.5,56,1.15,33.5,9.26
43455,9.25,56,1.15,34,9.2
43458,9.3,52.51,1.15,32.8,9.5
43461,9.5,52.01,1.07,32.8,9.35
43462,9.5,55,1.16,28.26,11
43465,9.4,55,1.16,32.56,10.5
43467,9.47,54,1.16,34,9.4
43468,9.48,56,1.14,33.99,10.5
43469,9.43,52.3,1.07,33.08,10.75
43472,9.48,55,1.05,33.99,10.2
43473,9.46,54.5,1.05,30.8,10.77
43474,9.48,54,1.05,33.99,10.5
43475,9.48,52.01,1.05,33.98,10.7
43476,9.4,54.99,1.1,32.5,10.7
43479,9.46,54,1.1,33.98,10.68
43480,9.49,52.5,1.1,32.14,10.75
43481,9.49,53.99,1.05,32,10.77
43482,9.49,55,1.1,29,11
43483,9.3,52.01,1.1,32,10.8
43486,9.2,52.4,1.05,32,11
43487,9.1,51.9,1.05,31.03,11
43488,9,52,1.05,32,10.86
43489,9.1,53,1.05,32.89,11.3
43490,9.48,52,1.05,31.8,12
43493,9.22,51.5,1.05,32.5,11.99
43494,9.49,52.25,1.05,32.1,11.99
43495,9.49,52,1.05,32.5,12.5
43496,9.42,51.75,1.05,32.39,12.05
43497,9.5,50.3,1.05,32.99,13
43500,9.5,53.97,1.08,32.5,12.65
43501,9.5,53,1.1,32,13
43502,9.46,51.05,1.05,32,13.5
43503,9.48,53.99,1.1,32.8,13.95
43504,9.48,53,1.05,32.8,14
43507,9.46,53,1.1,32.1,15
43508,9.5,51.11,1.05,32.75,16
43509,9.5,51.25,1.05,32.75,15.95
43510,9.5,52,1.05,33,16
43511,9.5,53.99,1.1,31.7,17.5
43514,9.5,53.95,1.07,32,17.15
43515,9.5,53,1.05,31.75,17.5
43516,9.5,53.93,1.05,31.5,17.38
43517,9.5,53.45,1.01,32.5,17.4
43518,9.48,53.9,1,33,17.5
43521,9.49,51.55,1,33,17.15
43522,9.47,53.63,1,33.41,17.44
43523,9.45,52.5,1.1,33,17.5
43524,9.48,53.19,1.05,32.68,17.86
43525,9.49,53,1.05,32,17
43528,9.43,53.15,1.1,33,17
43529,9.13,52.3,1.1,31.9,16.39
43531,9.2,53,1.1,32.99,15.75
43532,9.2,53,1.06,32.01,15
43535,9.49,52.99,1.11,31.51,15
43536,9.39,51.99,1.06,31.49,14.93
43537,9.27,51.43,1.11,31.04,14.68
43538,9.3,51.4,1.11,32,16
43539,9.42,51.49,1.11,31.73,16
43542,9.4,50.25,1.06,31.7,16
43543,9.3,51,1.06,31,15.95
43544,9,51,1.07,30.5,17
43545,9.47,50.2,1.07,31,17
43546,9.41,51.53,1.1,31.08,16.97
43549,9.45,50.2,1.1,30.02,16.97
43550,9.33,51.05,1.1,30.11,16.65
43551,9.43,51.06,1.1,31.99,17
43552,9.43,51.07,1.1,31.99,17
43553,9.48,52.8,1,33,17
43556,9.45,51.5,1.04,33.5,17
43557,9.48,52,1,32.9,17
43558,9.49,51.3,1,33,16.95
43559,9.49,50.2,1,31.05,16
43560,9.05,52,1.09,31,17
43563,9.38,50.58,1.04,30.12,16.03
43564,8.5,50.2,1.03,30.12,17
43565,9.01,50.2,1.02,30.76,16.99
43566,8.9,50.2,1,30.01,17
43567,8.95,50.2,1,30,17
43570,8.91,50.2,1,29.95,16.77
43571,8.82,50.26,1,30.42,17.14
43572,8.85,50.5,1,30.5,17.25
43573,9,50.2,0.98,30.6,17.25
43578,9,50.5,0.99,31.5,17.02
43579,8.93,50.69,1.08,30.98,17.22
43580,8.9,50.51,1.08,30.93,17.2
43581,9,50.65,1.08,33.45,17.5
43584,9,50.5,1,33,17.99
43585,9,51.99,1.1,33,18
43586,8.95,51.99,1.05,31.5,20
43587,9.01,50.5,1.05,33.4,20.1
43588,9,53,1.15,34,20.02
43591,8.99,50.75,1.07,32,20.1
43592,8.99,51.05,1.05,34,20
43593,8.92,51,1.1,33.99,20.1
43594,8.93,50.3,1.1,34,20.1
43595,8.99,50.99,1.1,33.95,20.05
43598,8.93,50,1.05,33,20.05
43599,8.92,51,1.05,33.85,20
43600,8.95,50.4,1.05,33.94,20
43601,8.97,50.89,1.05,38.48,19.76
43602,9,50.68,1.06,37.68,18.19
43605,8.99,50.17,1.05,38.75,18.83
43606,8.97,49.15,1.05,38.52,19.48
43607,8.99,50.96,1.05,38.7,19.01
43609,9,50.08,1,38.85,19.25
43612,8.95,52.64,1.09,38.95,19.06
43613,8.96,51.51,1.09,38.87,19
43614,9,51.61,1.09,38.97,19.36
43615,8.99,51.98,1.09,39,19.8
43616,8.99,51.96,1.1,38.98,19.73
43619,8.96,51.67,1.1,39.28,19.84
43620,8.99,51.01,1.1,39.55,19.87
43621,8.98,51.07,1.09,39.79,19.65
43622,8.98,51.34,1.1,39.85,19.21
43623,8.94,51.35,1.1,39.79,18.58
43626,8.91,51.14,#N/A N/A,39.37,19.69
43627,8.91,51.46,1.05,36.6,19.75
43628,8.91,51.49,1.1,39.33,19.91
43629,8.89,51.1,#N/A N/A,39.32,19.75
43630,8.73,53.38,#N/A N/A,38.67,19.72
43633,8.42,53.14,1.07,39.02,19.92
43634,8.03,54.04,1.07,38.91,20.02
43635,7.86,55.09,1.05,39.03,21.06
43636,8.19,55.58,1.06,38.75,22.19
43637,8.17,58.4,1.06,38.5,25.01
43640,8.19,58.7,1.06,38.69,27.6
43641,8.16,56.85,1,38.89,29.29
43642,8.19,56.63,0.75,39.12,26.95
43643,8.04,55.92,0.82,39.65,25.58
43644,8.02,57.5,#N/A N/A,39.99,28.02
43647,8.03,57.55,0.9,41.34,27.99
43648,7.95,57.48,0.9,43.04,28.14
43649,7.94,55.43,1.04,44.38,29.02
43650,8,56.42,1.1,46.35,28.53
43651,7.98,56.63,1.1,47.85,28.61
43654,7.99,56.7,1.08,47.89,29.53
43655,8,57.19,#N/A N/A,53,30.08
43656,7.91,57.27,1.05,51.07,33.25
43657,7.92,57.37,1.05,46.97,31.18
43658,7.83,57.1,1.03,52.49,32.64
43661,7.8,57.01,1.03,53.16,30.36
43662,7.82,57,1.03,52.59,32.79
43663,7.88,57.5,1.13,52.63,34.24
43664,7.81,56.75,1.09,47.91,34.53
43665,7.88,56.8,#N/A N/A,53.2,36
43668,7.88,56.79,1.15,51.06,37.44
43669,7.89,56.05,1.1,52.58,37.87
43670,7.83,55.78,#N/A N/A,52.55,38.51
43671,7.88,55.52,0.82,53.31,37.01
43672,7.92,55.44,#N/A N/A,51.3,33.2
43675,7.91,55,0.9,47.04,32.12
43676,7.89,55.58,#N/A N/A,51.95,29.4
43677,7.9,56.67,#N/A N/A,51.41,29.28
43679,7.95,55.58,0.98,52.85,28.39
43682,7.89,54.25,#N/A N/A,52.34,28.25
43684,7.95,53.19,1.09,52.12,25.19
43685,7.98,55.15,1.03,51.84,22.84
43686,7.87,56.47,#N/A N/A,51.52,18.07
43689,8.18,55.92,1.02,50.27,25.58
43690,8.19,55.62,1.03,49.68,28.49
43691,7.97,53.11,1,48.79,29.58
43692,7.92,54.49,#N/A N/A,49.72,29.99
43693,7.91,56.1,1.03,49.93,30.01
43696,8.02,54.42,1.03,51.26,30.02
43697,7.91,56.98,1,52.63,29.92
43698,7.97,56.55,1.07,52.66,30.02
43699,8.02,55.24,1.07,52.64,30.96
43700,7.95,57.21,#N/A N/A,52.55,31.56
43703,8.1,55.07,1,51.15,29.69
43704,8.57,55.17,1.13,49.31,28.4
43705,8.5,55.12,1.13,49.9,27.28
43706,8.53,54.29,1.12,50.49,24.84
43707,8.68,54.37,1.2,50.66,25.36
43710,8.4,55.9,1.16,49.83,25.3
43711,8.57,55.37,1.22,49.58,25.81
43712,8.53,55.6,1.22,49.25,23.8
43713,8.44,57,1.23,49.39,25.77
43714,8.4,57.48,1.19,49.49,24.88
43717,8.75,55.46,1.17,49.45,24.67
43718,8.8,56.38,1.17,47.95,23.97
43719,8.55,56.49,1.2,48.93,25.76
43720,8.31,54.28,1.23,48.36,24.76
43721,8.38,56.21,1.23,47.08,25.54
43724,8.5,57.5,1.17,48,27
43725,8.06,56.66,1.17,47.45,26.61
43726,8.32,56.6,1.01,43.92,25.7
43727,8,57.01,1.06,46.81,25.58
43728,8.15,57.5,1.11,46.37,26.02
43731,8.27,57.5,1.19,46,26.77
43732,8.38,58.93,1.18,41.42,25.42
43733,8.5,60.01,1.09,41.13,25.77
43734,8.1,59.96,1.15,43.09,26.64
43735,8.48,60.85,1.06,44.79,27.21
43738,8.13,61.51,1.1,43.56,26.57
43739,8.12,61.31,1.18,46.51,27.37
43740,8.14,61.64,#N/A N/A,45.63,27.17
43741,8.13,61.78,#N/A N/A,45.12,27.43
43742,8.27,61.5,1.03,46.28,27.16
43745,8.29,58.01,1.05,39.09,27.98
43746,8.03,58.62,#N/A N/A,43.68,29.03
43747,8.01,58.63,#N/A N/A,42.1,29.79
43748,8.01,59.06,#N/A N/A,41.79,29.76
43749,8.09,57.93,1.03,42.66,28.6
43752,8.03,57.25,#N/A N/A,42.64,28.64
43753,8.08,56.83,#N/A N/A,42.67,28.6
43754,8.17,57.23,1.04,41.21,28.98
43755,8.06,56.11,1.1,40.98,28.67
43756,8.08,58.29,1.1,40.09,28.59
43760,8,56.56,1.08,40.8,28.41
43761,8,55.97,1.04,41.8,28.12
43762,7.96,55.72,1.14,40.51,28.21
43763,7.95,55.82,1.14,39.35,28.34
43766,7.89,53.25,#N/A N/A,39.88,28.24
43767,7.9,52.13,1.05,40.98,28.9
43768,7.9,53.21,1.05,41.07,28.99
43769,8.08,55.19,1.11,42.38,29.19
43770,8.65,56.63,#N/A N/A,42.24,29.42
43773,8.51,57.2,1.15,42.48,29.91
43774,8.29,55.68,1.14,41.99,29.21
43775,8.44,57.57,1.14,41.56,29.76
43776,8.61,55.25,#N/A N/A,41.92,29.39
43777,8.11,57.04,#N/A N/A,42.91,30.15
43780,8.36,55.13,1.04,43,31.61
43781,8.71,55.21,1.14,42.98,31.67
43782,8.73,55.55,1.14,43,33.39
43783,8.73,55.43,1.24,42.86,34.39
43784,8.71,52.87,1.22,42.27,31.13
43787,8.63,52.12,1.2,42.6,28.54
43788,8.56,55,1.15,42.79,27.15
43789,8.34,54.63,1.12,43.35,28.66
43790,8.19,54.5,1.16,44.95,29.65
43791,8.33,52.95,1.17,45.23,27.5
43794,8.35,55.73,1.17,46.33,25.28
43795,8.48,54.43,1.2,46.82,25.29
43796,8.53,54.84,1.2,46.67,25.97
43797,8.34,54.85,#N/A N/A,46.85,27.11
43798,8.13,54.05,1.2,46.32,27
43801,8.24,54.2,1.2,46.74,26.69
43802,8.12,55.9,1.18,47.46,26.98
43803,8.35,56,#N/A N/A,48,27.58
43804,8.49,56,1.2,45.01,27.99
43805,8.49,57.99,1.2,47,27.99
43808,8.49,57.99,1.2,47,27.99
43809,8.4,57,1.24,46.75,27.8
43810,8.4,57.5,1.25,47,27.8
43811,8.4,55.5,1.24,48,28
43812,8.4,55.5,1.2,48,27.95
43815,8.25,55,1.22,48,27
43816,8.44,55.45,1.14,47.87,27.95
43817,8.1,55.5,1.1,46.5,27.95
43818,8.49,54.7,1.11,47.03,27.95
43819,8.17,54,1.1,47.8,27.98
43822,8.3,54,1.11,46.5,27.97
43823,8.3,55,1.22,46.95,27.99
43826,8.15,55.5,1.22,46.94,27.97
43829,8.2,55.01,1.22,45.85,27.95
43830,8.2,57.2,1.05,46.2,27.9
43832,8.2,56,#N/A N/A,47.5,27.5
43833,8.2,57.99,1.06,48,27.97
43836,8.3,57,#N/A N/A,48,27.97
43837,8.3,57,#N/A N/A,48,27.99
43838,8.05,56.5,1.05,47.82,28.39
43839,8.2,58,1.21,48,28.38
43840,8.29,51.06,1.13,48.39,27.95
43843,8.29,55,1,45.8,27.95
43844,8,58,1.03,48,28.85
43845,8.2,57.95,1.05,46.75,28.71
43846,8.2,55,1.05,47.01,28.8
43847,8.1,56,1.06,47.1,28.86
43850,8.2,55.01,1.15,48.36,32.5
43851,7.98,58,1.1,48.3,32.88
43852,8,56,1.05,45.6,31.55
43853,8.14,54.21,1.05,45.2,34.95
43854,8,54,#N/A N/A,47,34
43857,8.13,56,1.12,46.3,33
43858,7.5,55,1.03,46.5,31.55
43859,8.05,54,1.1,47.5,32.8
43860,8.14,55.5,1.03,46.5,30.5
43861,8.14,53.5,1,45.2,32
43864,8.14,53.6,1.03,46,31
43865,8.05,57,#N/A N/A,46,32
43866,8,55,1.01,45,31.5
43867,8.05,56.99,1,43.7,31.4
43868,8.09,54.5,1,43,30
43871,8.01,53.4,1.05,43.2,31
43872,8.05,53.5,1,43.1,29.1
43873,8.02,53.5,1.03,44.5,29
43874,8.1,54,1.05,43.5,30.99
43875,8.1,54,#N/A N/A,45.29,31
43878,7.9,54,1.01,46,32
43879,8.07,54,0.99,46.19,31.5
43880,8.1,53.5,1.05,45.4,31.4
43881,8,53.35,1.05,45,29.5
43882,8.06,54,1.05,45.05,31.5
43885,7.95,55.5,1.05,45.45,31.5
43886,7.85,53.15,1.08,44,30.9
43888,7.8,54,1.1,42,31.5
43889,8.05,54,1.1,42,30.1
43892,7.98,54.5,1.15,42.1,27.5
43893,7.9,55,1.07,41,29
43894,7.95,53,1.15,39.01,26.51
43895,7.56,50.3,1.05,39,26
43896,7.4,46,1.1,39.8,27
43899,7.54,54.27,1.04,38.05,24.34
43901,7.4,51.02,1,37.71,21.63
43902,7.27,50.01,1,37.54,20.3
43903,7.18,49.27,1.1,37.89,20.77
43906,7.14,46.81,1.1,37.24,21.12
43908,6.61,45.96,1.02,37.48,19.54
43909,6.03,45.7,0.99,37.44,20.03
43910,6.01,40.41,0.99,36.46,19.05
43913,6.1,39.55,0.85,35.9,18.83
43914,6.01,38.73,0.86,34.33,19.05
43915,6,35.74,0.86,33.48,16.05
43916,6.71,40.57,0.86,33.59,16.74
43917,6.66,45.18,0.89,34.55,18.69
43920,6.52,45.12,0.93,36.07,19.12
43921,6.61,46.71,0.93,38.01,21.6
43922,6.75,46.66,0.86,38.05,22.54
43923,6.75,47.05,0.93,37.98,22.79
43924,6.66,47.98,0.86,38.14,22.47
43927,6.72,47.96,1.01,38.13,22.45
43928,6.7,47.99,0.98,38.4,22.41
43929,6.74,47.81,0.93,38.34,23.15
43930,6.75,47.94,0.93,38.41,23.02
43935,6.75,47.99,1.01,38.82,24.04
43936,6.7,47.89,0.99,38.43,22.93
43937,6.62,47.55,0.93,35.91,22.92
43938,6.51,46.37,0.96,37.46,22.48
43941,6.32,45.42,0.96,36.95,21.46
43942,6.26,45.28,0.89,36.34,21.28
43943,6.38,47.22,0.89,37.31,20.35
43944,6.31,45.03,0.9,35.12,20.63
43945,6.73,45.84,0.87,34.85,20.89
43948,6.59,44.89,0.9,34.9,20.63
43949,6.29,36.6,0.9,33.65,20.71
43956,6.43,44.27,0.8,33.07,20.7
43957,6.43,44.5,0.85,33.99,20.72
43958,6.46,44.03,0.9,33.81,20.98
43959,6.5,46.23,0.9,33.2,20.86
43962,6.5,47.03,0.85,33.38,20.88
43966,6.5,44.95,0.8,33.96,20.8
43969,6.5,44.86,0.8,34.01,20.83
43970,6.43,43.98,0.79,34.02,20.92
43972,6.5,44.79,0.84,34,20.32
43979,6.54,45.29,0.9,33.81,20.74
43980,6.62,45.65,0.82,33.67,21.03
43983,6.49,45.43,0.9,33.91,21.17
43986,6.49,46.08,0.9,33.96,20.58
43987,6.5,44.17,0.87,33.97,21.92
43990,8.49,57.99,1.2,47,27.99
43991,6.49,47.3,0.87,33.93,20.42
43992,6.49,43.19,0.81,33.75,20.92
43993,6.5,45.4,0.85,33.7,21.08
43994,6.46,44.64,0.85,33.75,21.7
43997,6.42,44.68,0.8,33.52,20.22
43998,6.41,43.5,0.89,33.11,20.86
43999,6.4,46.11,0.9,33.34,21.18
44000,6.4,46.44,0.97,33.3,21.79
44001,6.4,43.18,0.99,33.39,21.84
44004,6.42,43.19,1.05,33.32,22.41
44005,6.43,42.93,0.95,32.53,20.21
44006,6.35,44.67,1.05,32.98,21.65
44007,6.5,44.19,1,33.06,20.23
44008,6.44,46.22,1.06,33,20.38
44011,6.49,45.72,1.05,32.29,21.42
44012,6.48,45.53,1.01,32.6,21.54
44013,6.5,44.5,1.01,31.56,21.59
44014,6.5,44.96,1.01,31.46,21.52
44015,6.48,47.15,1.04,31.43,21.5
44018,6.49,43.99,0.95,31.19,21.54
44019,6.47,43.64,1.02,30.32,21.5
44020,6.5,43.07,1.02,31.13,21.5
44021,6.5,43.13,1.01,31.01,21.52
44022,6.49,43.58,1.01,30.72,21.5
44025,6.48,43.81,1.01,30.7,21.52
44026,6.5,42.91,0.95,30.66,21.5
44028,6.48,43.17,1,31.46,21.51
44035,6.5,45.44,1.01,31.6,21.52
44036,6.49,44.55,1,31.48,21.54
44041,6.49,45,0.95,31.66,21.52
44043,6.5,43.12,0.97,31.31,22
44047,6.75,47.53,0.85,31.53,23.13
44048,6.71,45.47,1,30.97,22.5
44054,6.68,45.33,1.01,31.28,20.38
44056,6.57,47.08,0.99,30.22,19.41
44057,6.47,44.73,0.99,30.27,19.39
44060,6.48,45.13,0.98,30.34,20.05
44061,6.59,46.25,0.96,30.01,19.44
44062,6.58,46.5,0.96,30.4,20.5
44063,6.69,46.23,0.98,30.67,18.84
44064,6.67,45.89,0.96,31.07,20.19
44067,6.49,52.57,0.95,30.47,20.14
44068,6.58,46.14,0.96,30.86,19.36
44069,6.3,47.61,0.96,30.93,19.21
44070,6.5,46.99,0.98,30,18.25
44071,6.3,47.38,0.95,30.02,18.84
44074,6.48,49.98,0.95,30.09,19.01
44075,6.49,46.73,0.98,30.06,20.96
44076,6.49,47.02,0.98,29.79,20.98
44078,6.45,48,0.92,29.97,20.75
44081,6.5,47.06,0.92,29.98,18.56
44082,6.49,47.14,0.92,29.77,19.03
44083,6.5,48.13,0.92,29.33,20.13
44084,6.49,48.02,0.92,29.91,19.44
44085,6.49,50,0.93,29.5,18.79
44088,6.49,49.38,0.93,29.24,19.99
44089,6.47,49.82,0.93,30.14,18.2
44090,6.5,47.84,0.92,29.11,19.18
44091,6.49,47.17,0.93,29.12,19
44092,6.5,50.78,0.93,29.46,18.39
44095,6.49,46.56,0.93,29.39,18.18
44096,6.5,49,0.93,29.19,18.03
44097,6.5,47,0.93,29.3,18.93
44098,6.45,48.76,0.93,29.06,18.5
44099,6.5,48.5,0.93,29.5,18.49
44102,6.5,47.14,0.96,29.74,18.45
44103,6.5,49.9,0.98,28.01,18.45
44104,6.49,49.88,0.98,31,19.85
44105,6.5,49.48,#N/A N/A,29.07,19.07
44106,6.5,49.48,0.95,29.1,18.21
44109,6.41,46.31,0.95,29.5,18.5
44110,6.45,49.78,0.92,29.4,18.89
44111,6.44,46.38,0.99,29.3,19.1
44112,6.44,49.97,0.91,30,18.35
44113,6.35,48.5,#N/A N/A,30,18.3
44116,6.5,48.8,0.91,29,17.95
44117,6.5,46.74,#N/A N/A,29,18.05
44118,6.5,46.41,0.92,29,17.5
44119,6.49,46.38,0.98,29,17.5
44120,6.49,48.44,#N/A N/A,29,17.5
44124,6.49,48.5,0.97,28.88,17.5
44125,6.45,46.32,0.95,29.73,17.5
44126,6.45,46.01,0.9,30,18.15
44127,6.49,48.44,0.98,30,18
44130,6.49,46,0.9,30,17.99
44131,6.47,46,0.9,29.5,17.5
44132,6.49,45.3,0.92,29.05,18
44133,6.49,46,0.9,29.52,17.51
44134,6.49,45.5,0.9,30,18.25
44137,6.45,44.5,1.02,30.12,18.25
44138,6.45,44,1.01,30.7,17.55
44139,6.49,45,0.9,31.25,18
44140,6.49,44.2,0.9,30.05,17.6
44141,6.49,45,1.03,31.9,18.45
44144,6.51,44.83,1.03,31.8,17.81
44145,6.7,44.61,1,31.62,18.48
44146,6.6,46,1,31.75,18.43
44147,6.6,47.75,1,31.55,18.2
44148,6.6,48.15,1,31.51,17.97
44151,6.6,46.72,0.95,31.5,18.2
44152,6.6,47.95,0.97,31.89,18.2
44153,6.6,45.06,0.95,32,18.32
44154,6.59,45.2,0.95,32,19
44155,6.55,46,0.95,31.98,19
44158,6.5,46.85,0.98,31.9,19.87
44159,6.45,46.85,0.88,33,19.9
44160,6.48,45.14,0.98,32.35,19
44161,6.45,45.1,0.98,33,18.62
44162,6.43,47.99,0.98,35,19.5
44165,6.5,46,0.88,35,21
44166,6.45,45,0.98,33.22,20.75
44167,6.43,45,0.98,35,20
44168,6.42,45,0.98,33,20
44169,6.47,44.5,0.98,35,19.55
44172,6.49,47.49,0.77,35.01,20
44173,6.45,43.12,0.98,33.01,19.5
44174,6.46,44,0.98,35,18.27
44175,6.46,41.41,0.82,35,18.76
44176,6.5,46.5,0.82,34,18.28
44179,6.43,45,0.82,34,18.76
44180,6.51,45,0.97,34.5,19.99
44181,6.59,45,0.97,33,18.76
44182,6.55,44,0.98,32,19.45
44183,6.43,44.5,0.98,35,19.5
44186,6.59,43.48,0.98,32.07,19.5
44187,6.59,42.51,0.9,33,19.45
44188,7,45,0.98,32.99,19.85
44189,7.35,45,0.98,34,19.7
44193,7.25,44.95,0.98,33.5,19.62
44194,6.99,43.51,0.99,31.75,19.72
44195,7.3,44.95,0.98,33.97,19.99
44196,7.25,44.25,0.98,36.5,20.04
